{
 "surface_area": [
  100.17221549076487
 ],
 "filled_volume": [
  81.12440812321216
 ],
 "vacancys": [
  1
 ],
 "cluster_size": [
  14
 ],
 "mean_distance": [
  3.172858105635973
 ]
}