{
 "surface_area": [
  166.95369248460804
 ],
 "filled_volume": [
  148.72808159107407
 ],
 "vacancys": [
  2
 ],
 "cluster_size": [
  22
 ],
 "mean_distance": [
  3.8373783564725668
 ]
}