{
    "surface_area": [
        100.17221549076487,
        166.95369248460804,
        225.38748485422082,
        267.1259079753728,
        317.2120157207552,
        350.60275421767676,
        375.64580809036795
    ],
    "filled_volume": [
        81.12440812321216,
        148.72808159107407,
        216.33175532487817,
        270.4146940109094,
        338.0183677136188,
        392.1013066042303,
        446.18424536443894
    ],
    "vacancys": [
        1,
        2,
        3,
        4,
        5,
        6,
        7
    ],
    "cluster_size": [
        14,
        22,
        29,
        34,
        40,
        44,
        47
    ],
    "mean_distance": [
        3.172858105635973,
        3.8373783564725668,
        4.2739688639139155,
        4.486006186316799,
        4.763336124267092,
        4.927905667489106,
        5.163436240650529
    ]
}